ADL99 — Revised Heading Strategy: Emotional H1 Retained + Keyword H2 + Melbourne Geo-Targeting,,,,,,
"STRATEGY: Keep emotional/conversion H1 in hero section → Add a new keyword-rich H2 immediately below hero (intro/trust strip) → Melbourne geo added to hero subtext, intro section, CTA sections, and page body where natural.",,,,,,
Page,URL,Tag / Element,Current Text (live),Recommended Text,Notes for Developer,Priority
Homepage,adl99.com.au,H1,Stop Worrying About Cyber Threats Get Peace of Mind,Stop Worrying About Cyber Threats. Get Peace of Mind.,KEEP emotional H1 — it converts. Minor fix: add period after first sentence for readability. No keyword change needed here.,NO CHANGE
Homepage,adl99.com.au,BODY TEXT,"Feeling overwhelmed by cybersecurity? We simplify protection for Australian businesses, so you can focus on what you do best.",Feeling overwhelmed by cybersecurity? ADL99 is Melbourne's trusted cybersecurity partner — simplifying protection for Australian businesses so you can focus on what you do best.,HERO SUBTEXT: Inject 'Melbourne's trusted cybersecurity partner' into the existing hero paragraph. No layout change needed — just edit the copy. This is the primary Melbourne geo signal on the homepage.,HIGH
Homepage,adl99.com.au,NEW H2,(No section exists — INSERT after hero above the statistics strip),Melbourne's Trusted Cybersecurity Services for Australian Businesses,NEW SECTION: Insert a keyword-rich H2 as the opening line of a short intro paragraph between the hero and the statistics section. 2–3 sentences max. Example copy below in Notes tab. This H2 carries the primary keyword load so the H1 can stay emotional.,NEW SECTION
Homepage,adl99.com.au,BODY TEXT,(New section body — insert after new H2 above),"Based in Melbourne and serving businesses across Australia, ADL99 delivers practical, no-nonsense cybersecurity tailored to your industry and budget. From cyber maturity assessments to emergency incident response, we protect what matters most — your data, your clients, and your reputation.",NEW SECTION BODY COPY: Insert this paragraph under the new H2. Keep it to 2–3 sentences. Internal links: hyperlink 'cyber maturity assessments' → /services/cyber-maturity and 'emergency incident response' → /panic-button.,NEW SECTION
Homepage,adl99.com.au,H2,Don't Let Your Business Become Another Statistic,The Cyber Threat Landscape Facing Melbourne & Australian Businesses,Replace fear-based H2 with geo-qualified keyword phrase. Adds Melbourne signal to the statistics section.,HIGH
Homepage,adl99.com.au,H2,Comprehensive Cyber Protection,Our Cybersecurity Services,Simplified to primary keyword. Clean and direct for the services grid section.,HIGH
Homepage,adl99.com.au,H3,Urgent Help,Emergency Cyber Incident Response,Full descriptive phrase over short label. Matches search intent for crisis queries.,MEDIUM
Homepage,adl99.com.au,H3,vCISO Services,Virtual CISO (vCISO) Services,Spell out full term alongside abbreviation to capture both query variants.,MEDIUM
Homepage,adl99.com.au,H3,Cyber Maturity Assessments,Cyber Maturity Assessment & Security Gap Analysis,Add 'Security Gap Analysis' — a high-intent phrase for compliance-focused buyers.,MEDIUM
Homepage,adl99.com.au,H2,Why Businesses Trust Us,Why Melbourne Businesses Choose ADL99 for Cybersecurity,Add Melbourne + brand name. Targets 'Melbourne cybersecurity company' branded searches.,HIGH
Homepage,adl99.com.au,H2,Industries We Protect,Cybersecurity Solutions by Industry,Keyword-led phrasing supporting industry cluster queries.,HIGH
Homepage,adl99.com.au,H2,Your Path to Complete Protection,How Our Melbourne Cybersecurity Process Works,Add Melbourne signal to this trust-building section. Targets 'how does cybersecurity consulting work' informational queries.,MEDIUM
Homepage,adl99.com.au,H2,Get Your Free Security Assessment,Book a Free Cybersecurity Consultation in Melbourne,Geo-targeted CTA heading. Targets 'free cybersecurity consultation Melbourne' queries.,HIGH
Services,adl99.com.au/services,H1,Cybersecurity Services That Actually Protect Your Business,Cybersecurity Services That Actually Protect Your Business,KEEP — strong emotional hook. Good conversion H1. The keyword load will be carried by a new intro H2 below.,NO CHANGE
Services,adl99.com.au/services,BODY TEXT,"We provide practical, no-nonsense cybersecurity solutions tailored for Australian businesses. No jargon, no fear-mongering—just effective protection that works for your budget and your business.","Melbourne-based ADL99 provides practical, no-nonsense cybersecurity services for Australian businesses of all sizes. No jargon, no fear-mongering — just effective protection tailored to your budget, your industry, and your risk profile.","HERO SUBTEXT: Add 'Melbourne-based ADL99' at the start and expand the closing to include 'your industry, and your risk profile' for semantic depth. No layout change required.",HIGH
Services,adl99.com.au/services,NEW H2,"(No section exists — INSERT after hero, before 'Sound Familiar?' section)",Cybersecurity Services for Melbourne & Australian Businesses,NEW SECTION: Add a keyword intro H2 immediately after the hero section. Follow with 2 sentences of body copy (see Notes tab for copy). This carries the primary keyword so H1 stays emotional.,NEW SECTION
Services,adl99.com.au/services,BODY TEXT,(New section body — insert after new H2 above),"From cyber maturity assessments and virtual CISO services to phishing training and emergency incident response, ADL99 offers a complete cybersecurity service suite. Whether you're a Melbourne SMB or a multi-location Australian business, we scale our protection to fit your needs.","NEW SECTION BODY COPY: 2 sentences, naturally links to service sub-pages. Hyperlink 'cyber maturity assessments' → /services/cyber-maturity, 'virtual CISO services' → /services/vciso, 'phishing training' → /services/cyber-awareness, 'emergency incident response' → /panic-button.",NEW SECTION
Services,adl99.com.au/services,H2,Sound Familiar?,Common Cybersecurity Challenges Facing Melbourne Businesses,Replace colloquial H2 with geo-qualified keyword phrase. Improves featured snippet eligibility.,HIGH
Services,adl99.com.au/services,H2,How We Help,Our Cybersecurity Services Explained,Descriptive and keyword-rich replacement for vague H2.,HIGH
Services,adl99.com.au/services,H2,Frequently Asked Questions,Cybersecurity Services FAQ — Melbourne Businesses,Keyword + geo qualifier in FAQ H2. Improves FAQ rich result eligibility for local queries.,HIGH
Industries,adl99.com.au/industries,H1,Industries We Serve,Industries We Serve,KEEP as emotional/navigational H1. Add a new keyword H2 below to carry geo and keyword intent.,NO CHANGE
Industries,adl99.com.au/industries,NEW H2,"(No section exists — INSERT after H1 page intro, before industry cards)",Industry-Specific Cybersecurity Solutions in Melbourne & Across Australia,NEW SECTION: Short intro H2 carrying the geo keyword. Follow with 1–2 sentences confirming ADL99 serves Melbourne and national clients across all listed sectors.,NEW SECTION
Industries,adl99.com.au/industries,BODY TEXT,(New section body — insert after new H2 above),"Based in Melbourne, ADL99 delivers tailored cybersecurity solutions across six key industries — from professional services and healthcare to manufacturing and research. Every solution is designed around your sector's specific threats, regulatory requirements, and operational realities.","NEW SECTION BODY COPY: Confirms Melbourne base, lists breadth. Hyperlink 'professional services' broadly or link to law firms/accounting pages. Keep to 2 sentences.",NEW SECTION
Industries,adl99.com.au/industries,H2,Cybersecurity for Research Organisations,Cybersecurity for Research Organisations,NO CHANGE — strong keyword H2 already.,NO CHANGE
Industries,adl99.com.au/industries,H2,Cybersecurity for Manufacturing,Cybersecurity for Australian Manufacturers,Broaden to 'Manufacturers' — more commonly searched entity form.,LOW
Industries,adl99.com.au/industries,H2,Cybersecurity for Retail Chains,Cybersecurity for Retail Businesses,Broaden 'Chains' to 'Businesses' to capture full retail audience.,LOW
Industries,adl99.com.au/industries,H2,Cybersecurity for Accounting Practices,Cybersecurity for Accounting Firms & Practices,Add 'Firms' — common search variant alongside 'practice'.,LOW
Industries,adl99.com.au/industries,H2,Cybersecurity for Australian Health Clinics,Cybersecurity for Australian Health Clinics,NO CHANGE — already has geo qualifier and entity type.,NO CHANGE
Industries,adl99.com.au/industries,H2,Cybersecurity for Australian Law Firms,Cybersecurity for Australian Law Firms,NO CHANGE — strong keyword H2 with geo qualifier.,NO CHANGE
About,adl99.com.au/about,H1,About ADL99,About ADL99,KEEP — brand-identity H1 is fine for About pages. Keyword load handled by subtext and H2s below.,NO CHANGE
About,adl99.com.au/about,BODY TEXT,"A new force in Australian cybersecurity, dedicated to protecting businesses of all sizes from evolving digital threats.","A Melbourne-based cybersecurity firm dedicated to protecting Australian businesses of all sizes from evolving digital threats — with practical expertise, no jargon, and a genuine commitment to your security.",HERO SUBTEXT: Add 'Melbourne-based' at the start. Reinforces local authority signal on the About page.,HIGH
About,adl99.com.au/about,H2,Our Mission,Our Mission: Accessible Cybersecurity for Every Melbourne & Australian Business,Expand H2 to include geo and audience qualifier. Signals E-E-A-T and local relevance.,HIGH
About,adl99.com.au/about,BODY TEXT,"At ADL99, we believe every Australian business deserves enterprise-grade cybersecurity protection...","At ADL99, we believe every Melbourne and Australian business deserves enterprise-grade cybersecurity protection. We're here to demystify cybersecurity and make it accessible, practical, and effective — for organisations of all sizes, from St Kilda Road startups to national enterprises.",MISSION BODY: Add 'Melbourne and' before 'Australian business'. Add 'from St Kilda Road startups to national enterprises' — anchors the local Melbourne identity while signalling national reach.,HIGH
About,adl99.com.au/about,H2,Our Values,Our Values,NO CHANGE — About page values sections don't need keyword optimisation.,NO CHANGE
About,adl99.com.au/about,H2,Our Approach,"Our Cybersecurity Approach: Assess, Defend, Leverage",Add primary keyword and brand methodology. Supports branded searches.,MEDIUM
About,adl99.com.au/about,NEW H2,(No section exists — INSERT before the CTA/Let's Work Together section),Melbourne-Based Cybersecurity Experts Serving Australia,"NEW SECTION: Add a short location-authority section before the final CTA. Confirms Melbourne base, local team, national reach. Copy below in Notes tab. Strong local SEO signal.",NEW SECTION
About,adl99.com.au/about,BODY TEXT,(New section body — insert after new H2 above),"ADL99 is headquartered at 470 St Kilda Road, Melbourne — giving our clients direct access to a local team that understands the Victorian business landscape. We serve clients across Melbourne, Victoria, and nationally, bringing enterprise-grade security expertise to businesses that previously couldn't access it.","NEW SECTION BODY: Include full address naturally in the text (reinforces Google Business Profile NAP signals). Mention Melbourne, Victoria, and national reach.",NEW SECTION
Contact,adl99.com.au/contact,H1,Contact Us,Contact Us,KEEP — functional H1 is appropriate for contact pages. Add keyword signal via subtext below.,NO CHANGE
Contact,adl99.com.au/contact,BODY TEXT,Have questions about your cybersecurity needs? We're here to help. Reach out for a free consultation.,"Have questions about your cybersecurity needs? ADL99's Melbourne team is here to help. Reach out for a free 30-minute consultation — no obligation, no pressure.","HERO SUBTEXT: Add 'ADL99's Melbourne team' to inject geo signal. Add 'no obligation, no pressure' to reduce friction.",HIGH
Contact,adl99.com.au/contact,NEW H2,(No section exists — INSERT above the contact form),Get in Touch With Melbourne's Cybersecurity Experts,NEW SECTION: Add geo-targeted H2 above the contact form/details section. Strong local signal for 'contact cybersecurity Melbourne' queries.,NEW SECTION
Contact,adl99.com.au/contact,H2,Get in Touch,(Remove — replaced by new H2 above),Remove generic 'Get in Touch' H2 once the new geo-targeted H2 is added above. Avoids duplicate H2 on short page.,MEDIUM
Panic Button,adl99.com.au/panic-button,H1,Emergency Incident Response,Emergency Incident Response — We're Ready Right Now,KEEP urgency-focused. Add 'We're Ready Right Now' as an emotional reinforcement. This is a crisis page — conversion over keyword.,NO CHANGE
Panic Button,adl99.com.au/panic-button,BODY TEXT,(No subtext visible under H1),"If you're experiencing a cyber attack or data breach, don't wait. ADL99's Melbourne-based emergency response team is available now — with an average callback time of under 15 minutes.",ADD SUBTEXT below H1: Inject Melbourne location + 15-min callback stat into hero copy. Critical trust signal for crisis-mode visitors.,HIGH
Panic Button,adl99.com.au/panic-button,NEW H2,(No section exists — INSERT above the incident report form),Melbourne Cyber Incident Response — Report Your Emergency,NEW SECTION: Geo-targeted H2 above the report form. Targets 'cyber incident response Melbourne' searches which are high-intent emergency queries.,NEW SECTION
Panic Button,adl99.com.au/panic-button,H3,Urgent Help,Melbourne's 24/7 Cyber Emergency Response Team,Replace label with geo-qualified descriptive claim. '24/7' + 'Melbourne' are high-trust signals on a crisis page.,HIGH
Panic Button,adl99.com.au/panic-button,H3,Response Time,Under 15-Minute Callback Guarantee,Transform stat label into benefit-led heading. 'Guarantee' increases trust.,HIGH
Panic Button,adl99.com.au/panic-button,H3,What We Do,What Our Incident Response Team Does,Add 'Our Incident Response Team' for specificity and E-E-A-T signal.,MEDIUM
Cyber Maturity,adl99.com.au/services/cyber-maturity,H1,Know Where You Stand,Know Where You Stand,KEEP — great emotional H1 that perfectly captures the service value. Keyword H2 added below.,NO CHANGE
Cyber Maturity,adl99.com.au/services/cyber-maturity,BODY TEXT,Comprehensive security assessments that give you a clear roadmap for improvement.,"Melbourne-based cyber maturity assessments that benchmark your security against NIST, ISO 27001, and the Essential Eight — giving you a clear, prioritised roadmap for improvement.","HERO SUBTEXT: Inject 'Melbourne-based', key framework names (NIST, ISO 27001, Essential Eight), and 'prioritised roadmap'. Rich semantic signal without touching the H1.",HIGH
Cyber Maturity,adl99.com.au/services/cyber-maturity,NEW H2,"(No section exists — INSERT after hero, before 'Sound Familiar?' section)",Cyber Maturity Assessment Services in Melbourne & Australia,NEW SECTION: Keyword intro H2 that carries the primary search term. Follow with 2 sentences of body copy. See Notes tab.,NEW SECTION
Cyber Maturity,adl99.com.au/services/cyber-maturity,BODY TEXT,(New section body — insert after new H2 above),"ADL99 conducts comprehensive cyber maturity assessments for Melbourne businesses and organisations across Australia. We evaluate your current security posture against industry frameworks and deliver a plain-English report with prioritised actions — so you know exactly what to fix, in what order, and why.","NEW SECTION BODY: 2 sentences. Geo-targeted opener, plain-English promise. No internal links required in this section.",NEW SECTION
Cyber Maturity,adl99.com.au/services/cyber-maturity,H2,Sound Familiar?,Cybersecurity Challenges Our Melbourne Assessment Team Solves,Replace colloquial H2 with geo-qualified keyword phrase.,HIGH
Cyber Maturity,adl99.com.au/services/cyber-maturity,H2,Key Benefits,Benefits of a Cyber Maturity Assessment,Include service name for topical reinforcement.,MEDIUM
Cyber Maturity,adl99.com.au/services/cyber-maturity,H2,Is This Right For You?,Is a Cyber Maturity Assessment Right for Your Business?,Include service name and audience qualifier.,MEDIUM
Cyber Maturity,adl99.com.au/services/cyber-maturity,H2,Frequently Asked Questions,Cyber Maturity Assessment FAQ,Include service name in FAQ H2 for rich result eligibility.,HIGH
Technical Advisory,adl99.com.au/services/technical-advisory,H1,Expert Security Guidance,Expert Security Guidance,"KEEP — concise, confident emotional H1. Keyword work done by new H2 intro below.",NO CHANGE
Technical Advisory,adl99.com.au/services/technical-advisory,BODY TEXT,Navigate complex security decisions with confidence.,Navigate complex cybersecurity decisions with confidence — backed by Melbourne's experienced security advisors.,HERO SUBTEXT: Add 'cybersecurity' to the first word and inject 'Melbourne's experienced security advisors' as a trust anchor.,HIGH
Technical Advisory,adl99.com.au/services/technical-advisory,NEW H2,"(No section exists — INSERT after hero, before 'Sound Familiar?' section)",Cybersecurity Technical Advisory Services in Melbourne & Australia,NEW SECTION: Keyword intro H2. Follow with 2 sentences of body copy confirming geo and service scope.,NEW SECTION
Technical Advisory,adl99.com.au/services/technical-advisory,BODY TEXT,(New section body — insert after new H2 above),"ADL99's Melbourne-based security advisors help Australian businesses make informed cybersecurity decisions — from architecture reviews and technology evaluations to policy development and regulatory compliance. We translate complex security requirements into clear, actionable guidance your leadership team can act on.","NEW SECTION BODY: 2 sentences. Geo-targeted, covers key service elements (architecture, tech eval, policy, compliance).",NEW SECTION
Technical Advisory,adl99.com.au/services/technical-advisory,H2,Sound Familiar?,Security Challenges Our Melbourne Advisory Team Addresses,Geo-qualified keyword replacement for colloquial H2.,HIGH
Technical Advisory,adl99.com.au/services/technical-advisory,H2,Key Benefits,Benefits of Cybersecurity Technical Advisory,Include service name for topical depth.,MEDIUM
Technical Advisory,adl99.com.au/services/technical-advisory,H2,Frequently Asked Questions,Cybersecurity Advisory Services FAQ,Keyword-bearing FAQ heading.,HIGH
Engineering Support,adl99.com.au/services/engineering-support,H1,Technical Security Implementation,Technical Security Implementation,KEEP — direct and capability-focused. Keyword load handled by new H2 intro.,NO CHANGE
Engineering Support,adl99.com.au/services/engineering-support,BODY TEXT,Hands-on expertise to implement and optimise your security infrastructure.,Hands-on cybersecurity engineering expertise from ADL99's Melbourne-based team — implementing and optimising your security infrastructure from the ground up.,HERO SUBTEXT: Add 'cybersecurity engineering' and 'ADL99's Melbourne-based team' for topical and geo signal.,HIGH
Engineering Support,adl99.com.au/services/engineering-support,NEW H2,"(No section exists — INSERT after hero, before 'Sound Familiar?' section)",Cybersecurity Engineering & Implementation Support in Melbourne,NEW SECTION: Keyword intro H2 with Melbourne geo signal. Follow with 2 sentences covering key technologies.,NEW SECTION
Engineering Support,adl99.com.au/services/engineering-support,BODY TEXT,(New section body — insert after new H2 above),"ADL99 provides hands-on cybersecurity engineering support for Melbourne businesses and Australian organisations — covering network defence, endpoint protection, cloud security, and SIEM deployment. We implement, configure, and optimise your security stack so it works as one cohesive defence.","NEW SECTION BODY: 2 sentences. Names key technologies (network, endpoint, cloud, SIEM) for semantic relevance.",NEW SECTION
Engineering Support,adl99.com.au/services/engineering-support,H2,Sound Familiar?,Security Implementation Challenges We Solve,Keyword-bearing replacement.,HIGH
Engineering Support,adl99.com.au/services/engineering-support,H2,Key Benefits,Benefits of Cybersecurity Engineering Support,Include service name.,MEDIUM
Engineering Support,adl99.com.au/services/engineering-support,H2,Frequently Asked Questions,Cybersecurity Engineering Support FAQ,Keyword FAQ heading.,HIGH
Cyber Awareness,adl99.com.au/services/cyber-awareness,H1,Build a Human Firewall,Build a Human Firewall,"KEEP — memorable, punchy, and converts well. One of the strongest H1s on the site. Keyword H2 added below.",NO CHANGE
Cyber Awareness,adl99.com.au/services/cyber-awareness,BODY TEXT,Turn your biggest vulnerability into your strongest defence.,Turn your biggest vulnerability into your strongest defence — with cyber awareness training designed for Melbourne businesses and Australian workplaces.,HERO SUBTEXT: Add 'Melbourne businesses and Australian workplaces' to inject geo and audience signals without disrupting the emotional hook.,HIGH
Cyber Awareness,adl99.com.au/services/cyber-awareness,NEW H2,"(No section exists — INSERT after hero, before 'Sound Familiar?' section)",Cyber Security Awareness Training for Melbourne & Australian Businesses,NEW SECTION: Primary keyword H2 with geo signal. Follow with 2 sentences of body copy covering phishing simulation and tailored training.,NEW SECTION
Cyber Awareness,adl99.com.au/services/cyber-awareness,BODY TEXT,(New section body — insert after new H2 above),"ADL99 delivers tailored cyber awareness training programs for Melbourne teams and Australian organisations — including phishing simulations, interactive workshops, and industry-specific security modules. We make security training practical, engaging, and measurable so your staff become your first line of defence.","NEW SECTION BODY: 2 sentences. Covers key deliverables (phishing simulation, workshops, industry-specific). Strong keyword coverage.",NEW SECTION
Cyber Awareness,adl99.com.au/services/cyber-awareness,H2,Sound Familiar?,Why Your Staff Are Your Biggest Cybersecurity Risk,"Engaging, keyword-adjacent H2 that matches content and improves SERP preview appeal.",HIGH
Cyber Awareness,adl99.com.au/services/cyber-awareness,H2,Key Benefits,Benefits of Cyber Awareness Training,Include service name.,MEDIUM
Cyber Awareness,adl99.com.au/services/cyber-awareness,H2,Frequently Asked Questions,Cyber Awareness Training FAQ,Keyword FAQ heading.,HIGH
vCISO Services,adl99.com.au/services/vciso,H1,Executive Security Leadership,Executive Security Leadership,"KEEP — strong, aspirational H1. The keyword phrase is a mouthful for an H1. New H2 intro carries the keyword load.",NO CHANGE
vCISO Services,adl99.com.au/services/vciso,BODY TEXT,Executive security leadership without the executive price tag.,"Executive-level cybersecurity leadership, without the executive price tag — from ADL99's Melbourne-based virtual CISO team.","HERO SUBTEXT: Add 'cybersecurity', 'ADL99's Melbourne-based', and 'virtual CISO team' to maximise semantic and geo signals in the subtext.",HIGH
vCISO Services,adl99.com.au/services/vciso,NEW H2,"(No section exists — INSERT after hero, before 'Sound Familiar?' section)",Virtual CISO (vCISO) Services for Melbourne & Australian Businesses,NEW SECTION: Primary keyword H2. Captures both 'vCISO' and 'virtual CISO' search variants alongside geo qualifier.,NEW SECTION
vCISO Services,adl99.com.au/services/vciso,BODY TEXT,(New section body — insert after new H2 above),"ADL99's vCISO service gives Melbourne businesses and Australian organisations access to senior cybersecurity leadership on a flexible, cost-effective basis. Our virtual CISOs provide strategic oversight, board-level reporting, governance, and vendor management — everything a full-time CISO delivers, at a fraction of the cost.","NEW SECTION BODY: 2 sentences. Geo-targeted opener, covers key vCISO deliverables, reinforces cost-effectiveness value prop.",NEW SECTION
vCISO Services,adl99.com.au/services/vciso,H2,Sound Familiar?,Why Melbourne Businesses Need a Virtual CISO,Geo-targeted intent-matched H2 for vCISO qualification queries.,HIGH
vCISO Services,adl99.com.au/services/vciso,H2,Key Benefits,Benefits of a Virtual CISO Service,Include full service name.,MEDIUM
vCISO Services,adl99.com.au/services/vciso,H2,Is This Right For You?,Is a Virtual CISO Right for Your Melbourne Business?,Geo-qualify the qualification H2.,MEDIUM
vCISO Services,adl99.com.au/services/vciso,H2,Frequently Asked Questions,Virtual CISO (vCISO) Services FAQ,Keyword FAQ heading with both term variants.,HIGH
Law Firms,adl99.com.au/industries/law-firms,H1,Cybersecurity for Australian Law Firms,Cybersecurity for Australian Law Firms,KEEP — already a strong keyword H1. No change. Melbourne signal added via subtext and new H2.,NO CHANGE
Law Firms,adl99.com.au/industries/law-firms,BODY TEXT,Protecting attorney-client privilege in the digital age. Specialised security solutions designed for legal practices—from sole practitioners to major partnerships.,Protecting attorney-client privilege in the digital age. ADL99's Melbourne team delivers specialised cybersecurity for Australian law firms — from sole practitioners and boutique practices to major Melbourne and national partnerships.,HERO SUBTEXT: Add 'ADL99's Melbourne team' and 'Melbourne and national partnerships'. Strong geo signal without disrupting the emotional lead.,HIGH
Law Firms,adl99.com.au/industries/law-firms,H2,Industry-Specific Challenges,Key Cybersecurity Challenges Facing Melbourne & Australian Law Firms,Add geo qualifier to this section-level H2.,HIGH
Law Firms,adl99.com.au/industries/law-firms,H3,Client Confidentiality at Risk,Protecting Client Confidentiality from Cyber Threats,Action framing. Adds 'Cyber Threats' for semantic relevance.,MEDIUM
Law Firms,adl99.com.au/industries/law-firms,H3,Complex Compliance Requirements,Meeting Bar Association & Australian Privacy Act Compliance,Add 'Australian Privacy Act' — a high-value compliance search term for law firms.,HIGH
Law Firms,adl99.com.au/industries/law-firms,H3,Targeted Ransomware Attacks,Ransomware Attacks Targeting Australian Law Firms,Add geo and entity specificity.,MEDIUM
Law Firms,adl99.com.au/industries/law-firms,H2,Tailored Security Solutions,Cybersecurity Solutions for Melbourne & Australian Law Firms,Geo-qualified keyword H2 for solutions section.,HIGH
Law Firms,adl99.com.au/industries/law-firms,H2,Frequently Asked Questions,Law Firm Cybersecurity FAQ,Industry-specific FAQ heading.,HIGH
Health Clinics,adl99.com.au/industries/health-clinics,H1,Cybersecurity for Australian Health Clinics,Cybersecurity for Australian Health Clinics,KEEP — strong keyword H1 with geo. Melbourne signal added via subtext and H2s.,NO CHANGE
Health Clinics,adl99.com.au/industries/health-clinics,BODY TEXT,"Protecting patient data while you protect patient health. Privacy-compliant security solutions designed for medical practices, allied health clinics, and healthcare providers.","Protecting patient data while you protect patient health. ADL99's Melbourne team delivers Privacy Act-compliant cybersecurity for medical practices, allied health clinics, and healthcare providers across Victoria and Australia.","HERO SUBTEXT: Add 'ADL99's Melbourne team', 'Privacy Act-compliant', and 'across Victoria and Australia' for geo and compliance keyword signals.",HIGH
Health Clinics,adl99.com.au/industries/health-clinics,H2,Industry-Specific Challenges,Cybersecurity Challenges Facing Melbourne & Australian Healthcare Providers,Replace generic H2 with geo-qualified keyword phrase.,HIGH
Health Clinics,adl99.com.au/industries/health-clinics,H3,Australian Privacy Act Compliance,Meeting Australian Privacy Act & APPs Compliance for Health Clinics,Add 'APPs' (Australian Privacy Principles) and specify health clinics as audience.,HIGH
Health Clinics,adl99.com.au/industries/health-clinics,H3,Connected Medical Device Risks,Securing Connected Medical Devices & IoT in Healthcare,Add IoT — a key semantic entity for healthcare cybersecurity content.,MEDIUM
Health Clinics,adl99.com.au/industries/health-clinics,H2,Tailored Security Solutions,Cybersecurity Solutions for Melbourne Health Clinics & Medical Practices,Geo-qualified keyword H2 for solutions section. Adds 'Medical Practices' for broader coverage.,HIGH
Health Clinics,adl99.com.au/industries/health-clinics,H2,Frequently Asked Questions,Healthcare Cybersecurity FAQ,Industry-specific FAQ heading.,HIGH
Accounting,adl99.com.au/industries/accounting,H1,Cybersecurity for Accounting Practices,Cybersecurity for Accounting Practices,KEEP as the emotional/navigational H1. Melbourne + keyword added in subtext and new H2.,NO CHANGE
Accounting,adl99.com.au/industries/accounting,BODY TEXT,"Protect your clients' financial data, maintain professional compliance, and defend against targeted attacks. Specialised security solutions designed for Australian accounting firms.","Protect your clients' financial data, maintain TPB and Privacy Act compliance, and defend against targeted attacks. ADL99's Melbourne team delivers specialised cybersecurity for Australian accounting firms and practices of all sizes.","HERO SUBTEXT: Add 'TPB and Privacy Act compliance' (specific, high-intent), 'ADL99's Melbourne team', and 'of all sizes'.",HIGH
Accounting,adl99.com.au/industries/accounting,NEW H2,"(No section exists — INSERT after hero, before statistics strip)",Cybersecurity for Melbourne Accounting Firms & Australian Practices,NEW SECTION: Geo-targeted keyword H2 for accounting. Follow with 2 sentences.,NEW SECTION
Accounting,adl99.com.au/industries/accounting,BODY TEXT,(New section body — insert after new H2 above),"Based in Melbourne and serving accounting firms across Australia, ADL99 understands the unique cyber risks facing your profession — from tax season phishing spikes to client data breaches and professional liability exposure. We implement the right protections at the right time, so your practice stays secure and compliant year-round.","NEW SECTION BODY: 2 sentences. Geo-targeted, covers key accounting cyber risks. Strong semantic relevance.",NEW SECTION
Accounting,adl99.com.au/industries/accounting,H2,Industry-Specific Challenges,Cybersecurity Challenges for Melbourne & Australian Accounting Firms,Replace generic H2 with geo-qualified keyword phrase.,HIGH
Accounting,adl99.com.au/industries/accounting,H3,Tax Season Vulnerability,Why Tax Season Is Peak Cyber Risk for Melbourne Accountants,Add 'Melbourne' — targets local tax season phishing searches.,HIGH
Accounting,adl99.com.au/industries/accounting,H2,Tailored Security Solutions,Cybersecurity Solutions for Melbourne Accounting Firms,Geo-qualified solutions H2.,HIGH
Accounting,adl99.com.au/industries/accounting,H2,Frequently Asked Questions,Accounting Firm Cybersecurity FAQ,Industry-specific FAQ heading.,HIGH
Retail,adl99.com.au/industries/retail,H1,Cybersecurity for Retail Chains,Cybersecurity for Retail Chains,KEEP as H1. Melbourne geo added in subtext and H2.,NO CHANGE
Retail,adl99.com.au/industries/retail,BODY TEXT,"Protect your payment systems, customer data, and multi-location operations from cyber threats. Maintain PCI compliance while delivering seamless customer experiences.","Protect your payment systems, customer data, and multi-location operations from cyber threats. ADL99's Melbourne team helps Australian retail businesses achieve PCI DSS compliance while delivering seamless customer experiences — in-store and online.","HERO SUBTEXT: Add 'ADL99's Melbourne team', 'Australian retail businesses', and 'in-store and online' for geo and semantic signals.",HIGH
Retail,adl99.com.au/industries/retail,H2,Industry-Specific Challenges,Cybersecurity Threats Facing Melbourne & Australian Retailers,Replace generic H2 with geo-qualified keyword phrase.,HIGH
Retail,adl99.com.au/industries/retail,H3,Payment Card Vulnerabilities,POS & Payment Card Security Vulnerabilities in Retail,Add 'POS' — high-value retail cybersecurity search term.,HIGH
Retail,adl99.com.au/industries/retail,H2,Tailored Security Solutions,Cybersecurity Solutions for Melbourne & Australian Retail Businesses,Geo-qualified solutions H2.,HIGH
Retail,adl99.com.au/industries/retail,H2,Frequently Asked Questions,Retail Cybersecurity FAQ,Industry-specific FAQ heading.,HIGH
Manufacturing,adl99.com.au/industries/manufacturing,H1,Cybersecurity for Manufacturing,Cybersecurity for Manufacturing,KEEP as H1. Melbourne geo added via subtext and H2.,NO CHANGE
Manufacturing,adl99.com.au/industries/manufacturing,BODY TEXT,"Protect your operational technology, intellectual property, and supply chain from cyber threats that can halt production and steal competitive advantages.","Protect your operational technology, intellectual property, and supply chain from cyber threats that can halt production and steal competitive advantages. ADL99's Melbourne team specialises in OT/IT cybersecurity for Australian manufacturers — including legacy system protection, ICS security, and supply chain risk management.","HERO SUBTEXT: Add 'ADL99's Melbourne team', 'OT/IT cybersecurity', 'Australian manufacturers', and key service terms. High semantic value.",HIGH
Manufacturing,adl99.com.au/industries/manufacturing,H2,Industry-Specific Challenges,Cyber Threats Facing Melbourne & Australian Manufacturers,Geo-qualified keyword H2 replacement.,HIGH
Manufacturing,adl99.com.au/industries/manufacturing,H3,OT/IT Convergence Risks,OT/IT Convergence: Cybersecurity Risks for Melbourne Manufacturers,Add Melbourne — high-value local signal for a very specific industrial security term.,HIGH
Manufacturing,adl99.com.au/industries/manufacturing,H2,Tailored Security Solutions,Cybersecurity Solutions for Melbourne & Australian Manufacturers,Geo-qualified solutions H2.,HIGH
Manufacturing,adl99.com.au/industries/manufacturing,H2,Frequently Asked Questions,Manufacturing Cybersecurity FAQ,Industry-specific FAQ heading.,HIGH
Research,adl99.com.au/industries/research,H1,Cybersecurity for Research Organisations,Cybersecurity for Research Organisations,KEEP as H1. Melbourne geo added via subtext and H2. 'Australian' can be added to H1 if desired.,NO CHANGE
Research,adl99.com.au/industries/research,BODY TEXT,"Protect your intellectual property and research data from nation-state actors, competitors, and cybercriminals targeting valuable innovations.","Protect your intellectual property and research data from nation-state actors, competitors, and cybercriminals targeting valuable innovations. ADL99's Melbourne team works with Australian research organisations, universities, and institutes to meet DISP, export control, and funder security requirements.","HERO SUBTEXT: Add 'ADL99's Melbourne team', 'Australian research organisations, universities, and institutes', and key compliance terms (DISP, export control, funder security).",HIGH
Research,adl99.com.au/industries/research,H2,Industry-Specific Challenges,Cybersecurity Challenges for Australian Research Institutions,Replace generic H2. Broadens to 'Institutions' for universities and think-tanks.,HIGH
Research,adl99.com.au/industries/research,H3,Nation-State Targeting,Nation-State Cyber Threats to Australian Research Organisations,Add geo and entity type for semantic specificity.,HIGH
Research,adl99.com.au/industries/research,H3,Funder Security Requirements,Meeting DISP & Research Funder Security Requirements,"'DISP' is a highly specific, high-value keyword for Australian research cybersecurity.",HIGH
Research,adl99.com.au/industries/research,H2,Tailored Security Solutions,Cybersecurity Solutions for Australian Research Organisations,Keyword-rich solutions H2.,HIGH
Research,adl99.com.au/industries/research,H2,Frequently Asked Questions,Research Organisation Cybersecurity FAQ,Industry-specific FAQ heading.,HIGH